Workbook
Name Slicer_Category: #N/A
Name Slicer_Item_Name: #N/A
Name Slicer_Stock_Status: #N/A
Name Slicer_Supplier_Name: #N/A
Name Slicer_Warehouse_Location: #N/A

Sheet DASHBOARD
E6: TOTAL SKU | L6: TOTAL VALUE IDR | S6: OUT OF STOCK | Z6: REORDER NEEDED
E8: =COUNTA('CURRENT STOCK'!A2:A501) -> 500 | L8: =SUM('CURRENT STOCK'!N2:N501) -> 28425028000 | S8: =COUNTIF('CURRENT STOCK'!M2:M501, "OUT OF STOCK") -> 58 | Z8: =COUNTIF('CURRENT STOCK'!M2:M501, "REORDER") -> 28
A63: CREATED BY NUR LAILA KAMALIYAH

Sheet STOCK IN
A1: Transaction ID | B1: Date | C1: SKU Code | D1: Item Name | E1: Quantity In | F1: Unit | G1: Supplier ID | H1: Reference / PO No. | I1: Unit Cost (IDR) | J1: Warehouse Location | K1: Received By
A2: IN00200 | B2: 46266 | C2: SKU0414 | D2: Extension Cable | E2: 67 | F2: Pcs | G2: SUP007 | H2: PO-202609-2744 | I2: 117000 | J2: E-09-01 | K2: Staff A
A3: IN01763 | B3: 46266 | C3: SKU0035 | D3: Laptop Stand | E3: 20 | F3: Pcs | G3: SUP002 | H3: PO-202609-2983 | I3: 173000 | J3: C-09-01 | K3: Staff A
A4: IN00394 | B4: 46266 | C4: SKU0078 | D4: Webcam | E4: 64 | F4: Pcs | G4: SUP003 | H4: PO-202609-4558 | I4: 649000 | J4: C-10-02 | K4: Staff C
A5: IN01762 | B5: 46266 | C5: SKU0369 | D5: Bubble Wrap | E5: 63 | F5: Roll | G5: SUP006 | H5: PO-202609-4288 | I5: 117000 | J5: C-01-01 | K5: Staff A
A6: IN01637 | B6: 46266 | C6: SKU0153 | D6: PC Case | E6: 23 | F6: Pcs | G6: SUP005 | H6: PO-202609-1515 | I6: 490000 | J6: B-05-02 | K6: Staff A
A7: IN00315 | B7: 46266 | C7: SKU0336 | D7: Stretch Film | E7: 21 | F7: Roll | G7: SUP005 | H7: PO-202609-2422 | I7: 45000 | J7: B-01-01 | K7: Staff C
A8: IN00150 | B8: 46266 | C8: SKU0121 | D8: Processor | E8: 2 | F8: Pcs | G8: SUP010 | H8: PO-202609-2458 | I8: 4890000 | J8: C-08-01 | K8: Staff A
A9: IN01710 | B9: 46266 | C9: SKU0376 | D9: Bubble Wrap | E9: 13 | F9: Roll | G9: SUP009 | H9: PO-202609-4032 | I9: 115000 | J9: C-10-01 | K9: Staff D
A10: IN01364 | B10: 46266 | C10: SKU0189 | D10: PC Case | E10: 16 | F10: Pcs | G10: SUP006 | H10: PO-202609-2910 | I10: 1646000 | J10: C-05-01 | K10: Staff A
A11: IN00335 | B11: 46266 | C11: SKU0315 | D11: Label Sticker | E11: 70 | F11: Roll | G11: SUP009 | H11: PO-202609-1692 | I11: 21000 | J11: C-03-02 | K11: Staff D
A12: IN00039 | B12: 46266 | C12: SKU0374 | D12: Foam Sheet | E12: 51 | F12: Sheet | G12: SUP001 | H12: PO-202609-1530 | I12: 8000 | J12: D-04-02 | K12: Staff B
A13: IN01675 | B13: 46266 | C13: SKU0025 | D13: Keyboard | E13: 18 | F13: Pcs | G13: SUP008 | H13: PO-202609-2722 | I13: 279000 | J13: D-06-01 | K13: Staff C
... A1801: IN00702 | B1801: 46315 | C1801: SKU0238 | D1801: A4 Paper | E1801: 27 | F1801: Ream | G1801: SUP004 | H1801: PO-202610-5528 | I1801: 66000 | J1801: C-09-01 | K1801: Staff A

Sheet STOCK OUT
A1: Transaction ID | B1: Date | C1: SKU Code | D1: Item Name | E1: Quantity Out | F1: Unit | G1: Destination / Department | H1: Reference / Document No. | I1: Warehouse Location | J1: Issued By
A2: OUT01189 | B2: 46266 | C2: SKU0441 | D2: Plug Adapter | E2: 24 | F2: Pcs | G2: Sales Order | H2: DO-202609-7162 | I2: E-10-02 | J2: Staff B
A3: OUT00340 | B3: 46266 | C3: SKU0292 | D3: Toner Cartridge | E3: 38 | F3: Pcs | G3: Branch Warehouse | H3: DO-202609-2827 | I3: C-06-02 | J3: Staff D
A4: OUT00171 | B4: 46266 | C4: SKU0322 | D4: Packing Tape | E4: 13 | F4: Roll | G4: Internal Use | H4: DO-202609-5656 | I4: A-04-01 | J4: Staff D
A5: OUT00088 | B5: 46266 | C5: SKU0459 | D5: LED Bulb | E5: 38 | F5: Pcs | G5: Online Order | H5: DO-202609-7060 | I5: E-05-01 | J5: Staff D
A6: OUT01378 | B6: 46266 | C6: SKU0225 | D6: Stapler | E6: 35 | F6: Pcs | G6: Production | H6: DO-202609-2011 | I6: A-04-02 | J6: Staff A
A7: OUT01923 | B7: 46266 | C7: SKU0449 | D7: Electrical Tape | E7: 21 | F7: Roll | G7: Production | H7: DO-202609-2937 | I7: C-10-01 | J7: Staff A
A8: OUT01932 | B8: 46266 | C8: SKU0469 | D8: Plug Adapter | E8: 4 | F8: Pcs | G8: Sales Order | H8: DO-202609-4487 | I8: C-04-01 | J8: Staff A
A9: OUT01169 | B9: 46266 | C9: SKU0238 | D9: A4 Paper | E9: 14 | F9: Ream | G9: Production | H9: DO-202609-2665 | I9: C-09-01 | J9: Staff A
A10: OUT00984 | B10: 46266 | C10: SKU0295 | D10: Toner Cartridge | E10: 42 | F10: Pcs | G10: Production | H10: DO-202609-2814 | I10: E-07-01 | J10: Staff A
A11: OUT00179 | B11: 46266 | C11: SKU0448 | D11: Battery AAA | E11: 21 | F11: Pack | G11: Sales Order | H11: DO-202609-1855 | I11: E-01-02 | J11: Staff B
A12: OUT01607 | B12: 46266 | C12: SKU0125 | D12: SSD 256GB | E12: 10 | F12: Pcs | G12: Sales Order | H12: DO-202609-2448 | I12: A-05-02 | J12: Staff D
A13: OUT02056 | B13: 46266 | C13: SKU0069 | D13: Laptop Stand | E13: 18 | F13: Pcs | G13: Internal Use | H13: DO-202609-2086 | I13: D-06-01 | J13: Staff A
... A2201: OUT00239 | B2201: 46315 | C2201: SKU0205 | D2201: A4 Paper | E2201: 21 | F2201: Ream | G2201: Internal Use | H2201: DO-202610-7956 | I2201: D-02-01 | J2201: Staff D

Sheet CURRENT STOCK
A1: SKU Code | B1: Item Name | C1: Category | D1: Unit | E1: Initial Stock | F1: Minimum Stock | G1: Reorder Point | H1: Unit Cost (IDR) | I1: Warehouse Location | J1: Total Stock In | K1: Total Stock Out | L1: Current Stock | M1: Stock Status | N1: Inventory Value (IDR) | O1: Physical Count | P1: Variance | Q1: Supplier Name | R1: Status Variance
A2: SKU0001 | B2: Keyboard | C2: Computer Accessories | D2: Pcs | E2: 199 | F2: 22 | G2: 49 | H2: 91000 | I2: A-09-02 | J2: =SUMIF('STOCK IN'!$C:$C, A2, 'STOCK IN'!$E:$E) -> 158 | K2: =SUMIF('STOCK OUT'!$C:$C, A2, 'STOCK OUT'!$E:$E) -> 120 | L2: =E2+J2-K2 -> 237 | M2: {=_xlfn.IFS(L2<=0, "OUT OF STOCK", L2<=F2, "REORDER", L2<=G2, "LOW STOCK", TRUE, "IN STOCK")} -> IN STOCK | N2: =L2*H2 -> 21567000 | O2: 237 | P2: =IF(L2<0, 0, O2 - L2) -> 0 | Q2: =_xlfn.XLOOKUP(A2, 'Item Master'!$B$3:$B$502, 'Item Master'!$G$3:$G$502,,0) -> CV Prima Logistik | R2: =IF(P2=0, "CONFORM", IF(P2>0, "SURPLUS", "MINUS")) -> CONFORM
A3: SKU0002 | B3: HDMI Cable | C3: Computer Accessories | D3: Pcs | E3: 161 | F3: 32 | G3: 40 | H3: 31000 | I3: A-06-02 | J3: =SUMIF('STOCK IN'!$C:$C, A3, 'STOCK IN'!$E:$E) -> 123 | K3: =SUMIF('STOCK OUT'!$C:$C, A3, 'STOCK OUT'!$E:$E) -> 69 | L3: =E3+J3-K3 -> 215 | M3: {=_xlfn.IFS(L3<=0, "OUT OF STOCK", L3<=F3, "REORDER", L3<=G3, "LOW STOCK", TRUE, "IN STOCK")} -> IN STOCK | N3: =L3*H3 -> 6665000 | O3: 217 | P3: =IF(L3<0, 0, O3 - L3) -> 2 | Q3: =_xlfn.XLOOKUP(A3, 'Item Master'!$B$3:$B$502, 'Item Master'!$G$3:$G$502,,0) -> PT Sumber Teknologi Nusantara | R3: =IF(P3=0, "CONFORM", IF(P3>0, "SURPLUS", "MINUS")) -> SURPLUS
A4: SKU0003 | B4: Webcam | C4: Computer Accessories | D4: Pcs | E4: 164 | F4: 6 | G4: 41 | H4: 438000 | I4: E-06-02 | J4: =SUMIF('STOCK IN'!$C:$C, A4, 'STOCK IN'!$E:$E) -> 248 | K4: =SUMIF('STOCK OUT'!$C:$C, A4, 'STOCK OUT'!$E:$E) -> 13 | L4: =E4+J4-K4 -> 399 | M4: {=_xlfn.IFS(L4<=0, "OUT OF STOCK", L4<=F4, "REORDER", L4<=G4, "LOW STOCK", TRUE, "IN STOCK")} -> IN STOCK | N4: =L4*H4 -> 174762000 | O4: 402 | P4: =IF(L4<0, 0, O4 - L4) -> 3 | Q4: =_xlfn.XLOOKUP(A4, 'Item Master'!$B$3:$B$502, 'Item Master'!$G$3:$G$502,,0) -> CV Prima Logistik | R4: =IF(P4=0, "CONFORM", IF(P4>0, "SURPLUS", "MINUS")) -> SURPLUS
A5: SKU0004 | B5: Laptop Stand | C5: Computer Accessories | D5: Pcs | E5: 124 | F5: 42 | G5: 55 | H5: 192000 | I5: E-09-02 | J5: =SUMIF('STOCK IN'!$C:$C, A5, 'STOCK IN'!$E:$E) -> 59 | K5: =SUMIF('STOCK OUT'!$C:$C, A5, 'STOCK OUT'!$E:$E) -> 121 | L5: =E5+J5-K5 -> 62 | M5: {=_xlfn.IFS(L5<=0, "OUT OF STOCK", L5<=F5, "REORDER", L5<=G5, "LOW STOCK", TRUE, "IN STOCK")} -> IN STOCK | N5: =L5*H5 -> 11904000 | O5: 59 | P5: =IF(L5<0, 0, O5 - L5) -> -3 | Q5: =_xlfn.XLOOKUP(A5, 'Item Master'!$B$3:$B$502, 'Item Master'!$G$3:$G$502,,0) -> PT Sumber Teknologi Nusantara | R5: =IF(P5=0, "CONFORM", IF(P5>0, "SURPLUS", "MINUS")) -> MINUS
A6: SKU0005 | B6: Laptop Stand | C6: Computer Accessories | D6: Pcs | E6: 81 | F6: 14 | G6: 25 | H6: 254000 | I6: A-07-02 | J6: =SUMIF('STOCK IN'!$C:$C, A6, 'STOCK IN'!$E:$E) -> 175 | K6: =SUMIF('STOCK OUT'!$C:$C, A6, 'STOCK OUT'!$E:$E) -> 22 | L6: =E6+J6-K6 -> 234 | M6: {=_xlfn.IFS(L6<=0, "OUT OF STOCK", L6<=F6, "REORDER", L6<=G6, "LOW STOCK", TRUE, "IN STOCK")} -> IN STOCK | N6: =L6*H6 -> 59436000 | O6: 231 | P6: =IF(L6<0, 0, O6 - L6) -> -3 | Q6: =_xlfn.XLOOKUP(A6, 'Item Master'!$B$3:$B$502, 'Item Master'!$G$3:$G$502,,0) -> CV Berkah Jaya | R6: =IF(P6=0, "CONFORM", IF(P6>0, "SURPLUS", "MINUS")) -> MINUS
A7: SKU0006 | B7: Laptop Stand | C7: Computer Accessories | D7: Pcs | E7: 101 | F7: 27 | G7: 51 | H7: 129000 | I7: A-03-02 | J7: =SUMIF('STOCK IN'!$C:$C, A7, 'STOCK IN'!$E:$E) -> 152 | K7: =SUMIF('STOCK OUT'!$C:$C, A7, 'STOCK OUT'!$E:$E) -> 144 | L7: =E7+J7-K7 -> 109 | M7: {=_xlfn.IFS(L7<=0, "OUT OF STOCK", L7<=F7, "REORDER", L7<=G7, "LOW STOCK", TRUE, "IN STOCK")} -> IN STOCK | N7: =L7*H7 -> 14061000 | O7: 108 | P7: =IF(L7<0, 0, O7 - L7) -> -1 | Q7: =_xlfn.XLOOKUP(A7, 'Item Master'!$B$3:$B$502, 'Item Master'!$G$3:$G$502,,0) -> PT Cipta Sarana Niaga | R7: =IF(P7=0, "CONFORM", IF(P7>0, "SURPLUS", "MINUS")) -> MINUS
A8: SKU0007 | B8: HDMI Cable | C8: Computer Accessories | D8: Pcs | E8: 246 | F8: 29 | G8: 61 | H8: 35000 | I8: B-09-02 | J8: =SUMIF('STOCK IN'!$C:$C, A8, 'STOCK IN'!$E:$E) -> 261 | K8: =SUMIF('STOCK OUT'!$C:$C, A8, 'STOCK OUT'!$E:$E) -> 46 | L8: =E8+J8-K8 -> 461 | M8: {=_xlfn.IFS(L8<=0, "OUT OF STOCK", L8<=F8, "REORDER", L8<=G8, "LOW STOCK", TRUE, "IN STOCK")} -> IN STOCK | N8: =L8*H8 -> 16135000 | O8: 461 | P8: =IF(L8<0, 0, O8 - L8) -> 0 | Q8: =_xlfn.XLOOKUP(A8, 'Item Master'!$B$3:$B$502, 'Item Master'!$G$3:$G$502,,0) -> PT Indo Elektrik | R8: =IF(P8=0, "CONFORM", IF(P8>0, "SURPLUS", "MINUS")) -> CONFORM
A9: SKU0008 | B9: Mouse Pad | C9: Computer Accessories | D9: Pcs | E9: 59 | F9: 50 | G9: 57 | H9: 88000 | I9: E-03-01 | J9: =SUMIF('STOCK IN'!$C:$C, A9, 'STOCK IN'!$E:$E) -> 73 | K9: =SUMIF('STOCK OUT'!$C:$C, A9, 'STOCK OUT'!$E:$E) -> 63 | L9: =E9+J9-K9 -> 69 | M9: {=_xlfn.IFS(L9<=0, "OUT OF STOCK", L9<=F9, "REORDER", L9<=G9, "LOW STOCK", TRUE, "IN STOCK")} -> IN STOCK | N9: =L9*H9 -> 6072000 | O9: 69 | P9: =IF(L9<0, 0, O9 - L9) -> 0 | Q9: =_xlfn.XLOOKUP(A9, 'Item Master'!$B$3:$B$502, 'Item Master'!$G$3:$G$502,,0) -> PT Sumber Teknologi Nusantara | R9: =IF(P9=0, "CONFORM", IF(P9>0, "SURPLUS", "MINUS")) -> CONFORM
A10: SKU0009 | B10: Headset | C10: Computer Accessories | D10: Pcs | E10: 228 | F10: 19 | G10: 57 | H10: 130000 | I10: B-08-02 | J10: =SUMIF('STOCK IN'!$C:$C, A10, 'STOCK IN'!$E:$E) -> 107 | K10: =SUMIF('STOCK OUT'!$C:$C, A10, 'STOCK OUT'!$E:$E) -> 194 | L10: =E10+J10-K10 -> 141 | M10: {=_xlfn.IFS(L10<=0, "OUT OF STOCK", L10<=F10, "REORDER", L10<=G10, "LOW STOCK", TRUE, "IN STOCK")} -> IN STOCK | N10: =L10*H10 -> 18330000 | O10: 141 | P10: =IF(L10<0, 0, O10 - L10) -> 0 | Q10: =_xlfn.XLOOKUP(A10, 'Item Master'!$B$3:$B$502, 'Item Master'!$G$3:$G$502,,0) -> PT Global Office Supply | R10: =IF(P10=0, "CONFORM", IF(P10>0, "SURPLUS", "MINUS")) -> CONFORM
A11: SKU0010 | B11: Mouse Pad | C11: Computer Accessories | D11: Pcs | E11: 104 | F11: 27 | G11: 38 | H11: 35000 | I11: E-05-02 | J11: =SUMIF('STOCK IN'!$C:$C, A11, 'STOCK IN'!$E:$E) -> 36 | K11: =SUMIF('STOCK OUT'!$C:$C, A11, 'STOCK OUT'!$E:$E) -> 92 | L11: =E11+J11-K11 -> 48 | M11: {=_xlfn.IFS(L11<=0, "OUT OF STOCK", L11<=F11, "REORDER", L11<=G11, "LOW STOCK", TRUE, "IN STOCK")} -> IN STOCK | N11: =L11*H11 -> 1680000 | O11: 47 | P11: =IF(L11<0, 0, O11 - L11) -> -1 | Q11: =_xlfn.XLOOKUP(A11, 'Item Master'!$B$3:$B$502, 'Item Master'!$G$3:$G$502,,0) -> PT Cipta Sarana Niaga | R11: =IF(P11=0, "CONFORM", IF(P11>0, "SURPLUS", "MINUS")) -> MINUS
A12: SKU0011 | B12: Adapter | C12: Computer Accessories | D12: Pcs | E12: 146 | F12: 20 | G12: 36 | H12: 68000 | I12: C-05-01 | J12: =SUMIF('STOCK IN'!$C:$C, A12, 'STOCK IN'!$E:$E) -> 67 | K12: =SUMIF('STOCK OUT'!$C:$C, A12, 'STOCK OUT'!$E:$E) -> 190 | L12: =E12+J12-K12 -> 23 | M12: {=_xlfn.IFS(L12<=0, "OUT OF STOCK", L12<=F12, "REORDER", L12<=G12, "LOW STOCK", TRUE, "IN STOCK")} -> LOW STOCK | N12: =L12*H12 -> 1564000 | O12: 23 | P12: =IF(L12<0, 0, O12 - L12) -> 0 | Q12: =_xlfn.XLOOKUP(A12, 'Item Master'!$B$3:$B$502, 'Item Master'!$G$3:$G$502,,0) -> CV Karya Mandiri | R12: =IF(P12=0, "CONFORM", IF(P12>0, "SURPLUS", "MINUS")) -> CONFORM
A13: SKU0012 | B13: HDMI Cable | C13: Computer Accessories | D13: Pcs | E13: 185 | F13: 25 | G13: 54 | H13: 48000 | I13: B-05-02 | J13: =SUMIF('STOCK IN'!$C:$C, A13, 'STOCK IN'!$E:$E) -> 74 | K13: =SUMIF('STOCK OUT'!$C:$C, A13, 'STOCK OUT'!$E:$E) -> 187 | L13: =E13+J13-K13 -> 72 | M13: {=_xlfn.IFS(L13<=0, "OUT OF STOCK", L13<=F13, "REORDER", L13<=G13, "LOW STOCK", TRUE, "IN STOCK")} -> IN STOCK | N13: =L13*H13 -> 3456000 | O13: 73 | P13: =IF(L13<0, 0, O13 - L13) -> 1 | Q13: =_xlfn.XLOOKUP(A13, 'Item Master'!$B$3:$B$502, 'Item Master'!$G$3:$G$502,,0) -> PT Sumber Teknologi Nusantara | R13: =IF(P13=0, "CONFORM", IF(P13>0, "SURPLUS", "MINUS")) -> SURPLUS
... A501: SKU0500 | B501: Power Strip | C501: Electrical Supplies | D501: Pcs | E501: 207 | F501: 18 | G501: 51 | H501: 136000 | I501: C-10-02 | J501: =SUMIF('STOCK IN'!$C:$C, A501, 'STOCK IN'!$E:$E) -> 367 | K501: =SUMIF('STOCK OUT'!$C:$C, A501, 'STOCK OUT'!$E:$E) -> 146 | L501: =E501+J501-K501 -> 428 | M501: {=_xlfn.IFS(L501<=0, "OUT OF STOCK", L501<=F501, "REORDER", L501<=G501, "LOW STOCK", TRUE, "IN STOCK")} -> IN STOCK | N501: =L501*H501 -> 58208000 | O501: 427 | P501: =IF(L501<0, 0, O501 - L501) -> -1 | Q501: =_xlfn.XLOOKUP(A501, 'Item Master'!$B$3:$B$502, 'Item Master'!$G$3:$G$502,,0) -> PT Cipta Sarana Niaga | R501: =IF(P501=0, "CONFORM", IF(P501>0, "SURPLUS", "MINUS")) -> MINUS

Sheet Item Master
B2: SKU Code | C2: Item Name | D2: Category | E2: Unit | F2: Supplier ID | G2: Supplier Name | H2: Unit Cost (IDR) | I2: Initial Stock | J2: Minimum Stock | K2: Reorder Point | L2: Warehouse Location | M2: Lead Time (Days)
B3: SKU0001 | C3: Keyboard | D3: Computer Accessories | E3: Pcs | F3: SUP004 | G3: CV Prima Logistik | H3: 91000 | I3: 199 | J3: 22 | K3: 49 | L3: A-09-02 | M3: 5
B4: SKU0002 | C4: HDMI Cable | D4: Computer Accessories | E4: Pcs | F4: SUP001 | G4: PT Sumber Teknologi Nusantara | H4: 31000 | I4: 161 | J4: 32 | K4: 40 | L4: A-06-02 | M4: 8
B5: SKU0003 | C5: Webcam | D5: Computer Accessories | E5: Pcs | F5: SUP004 | G5: CV Prima Logistik | H5: 438000 | I5: 164 | J5: 6 | K5: 41 | L5: E-06-02 | M5: 19
B6: SKU0004 | C6: Laptop Stand | D6: Computer Accessories | E6: Pcs | F6: SUP001 | G6: PT Sumber Teknologi Nusantara | H6: 192000 | I6: 124 | J6: 42 | K6: 55 | L6: E-09-02 | M6: 7
B7: SKU0005 | C7: Laptop Stand | D7: Computer Accessories | E7: Pcs | F7: SUP006 | G7: CV Berkah Jaya | H7: 254000 | I7: 81 | J7: 14 | K7: 25 | L7: A-07-02 | M7: 4
B8: SKU0006 | C8: Laptop Stand | D8: Computer Accessories | E8: Pcs | F8: SUP005 | G8: PT Cipta Sarana Niaga | H8: 129000 | I8: 101 | J8: 27 | K8: 51 | L8: A-03-02 | M8: 16
B9: SKU0007 | C9: HDMI Cable | D9: Computer Accessories | E9: Pcs | F9: SUP009 | G9: PT Indo Elektrik | H9: 35000 | I9: 246 | J9: 29 | K9: 61 | L9: B-09-02 | M9: 21
B10: SKU0008 | C10: Mouse Pad | D10: Computer Accessories | E10: Pcs | F10: SUP001 | G10: PT Sumber Teknologi Nusantara | H10: 88000 | I10: 59 | J10: 50 | K10: 57 | L10: E-03-01 | M10: 9
B11: SKU0009 | C11: Headset | D11: Computer Accessories | E11: Pcs | F11: SUP007 | G11: PT Global Office Supply | H11: 130000 | I11: 228 | J11: 19 | K11: 57 | L11: B-08-02 | M11: 16
B12: SKU0010 | C12: Mouse Pad | D12: Computer Accessories | E12: Pcs | F12: SUP005 | G12: PT Cipta Sarana Niaga | H12: 35000 | I12: 104 | J12: 27 | K12: 38 | L12: E-05-02 | M12: 4
B13: SKU0011 | C13: Adapter | D13: Computer Accessories | E13: Pcs | F13: SUP008 | G13: CV Karya Mandiri | H13: 68000 | I13: 146 | J13: 20 | K13: 36 | L13: C-05-01 | M13: 10
B14: SKU0012 | C14: HDMI Cable | D14: Computer Accessories | E14: Pcs | F14: SUP001 | G14: PT Sumber Teknologi Nusantara | H14: 48000 | I14: 185 | J14: 25 | K14: 54 | L14: B-05-02 | M14: 3
... B502: SKU0500 | C502: Power Strip | D502: Electrical Supplies | E502: Pcs | F502: SUP005 | G502: PT Cipta Sarana Niaga | H502: 136000 | I502: 207 | J502: 18 | K502: 51 | L502: C-10-02 | M502: 10

Sheet PIVOT 
A1: Stock Status | B1: (Multiple Items)
A3: Item Name | B3: Sum of Inventory Value (IDR) | E3: Count of SKU Code | F3: Status Variance
A4: Extension Cable | B4: 1150000 | E4: Category | F4: CONFORM | G4: MINUS | H4: SURPLUS
A5: Marker | B5: 2399000 | E5: Computer Accessories | F5: 44 | G5: 32 | H5: 24
A6: Circuit Breaker | B6: 8076000 | E6: Computer Hardware | F6: 41 | G6: 25 | H6: 34
A7: SSD 256GB | B7: 24700000 | E7: Electrical Supplies | F7: 43 | G7: 36 | H7: 21
A8: Processor | B8: 157095000 | E8: Office Supplies | F8: 37 | G8: 28 | H8: 35
E9: Packaging Materials | F9: 36 | G9: 37 | H9: 27
A11: Warehouse Location | B11: Sum of Total Stock In | C11: Sum of Total Stock Out | E11: Stock Status | F11: Count of SKU Code
A12: A-01-01 | B12: 411 | C12: 393 | E12: IN STOCK | F12: 387
A13: A-01-02 | B13: 208 | C13: 164 | E13: LOW STOCK | F13: 27
A14: A-02-01 | B14: 741 | C14: 581 | E14: OUT OF STOCK | F14: 58
A15: A-02-02 | B15: 626 | C15: 444 | E15: REORDER | F15: 28
A16: A-03-01 | B16: 527 | C16: 129
A17: A-03-02 | B17: 663 | C17: 1028
A18: A-04-01 | B18: 437 | C18: 311
A19: A-04-02 | B19: 769 | C19: 615
A20: A-05-01 | B20: 1094 | C20: 1043
A21: A-05-02 | B21: 1146 | C21: 794
A22: A-06-01 | B22: 948 | C22: 565
A23: A-06-02 | B23: 1156 | C23: 490
A24: A-07-01 | B24: 386 | C24: 49
A25: A-07-02 | B25: 1170 | C25: 689
A26: A-08-01 | B26: 682 | C26: 780
A27: A-08-02 | B27: 259 | C27: 256
... A110: E-10-02 | B110: 804 | C110: 805
